site,frew
www.askanews.it,681
notizie.tiscali.it,652
it.blastingnews.com,619
www.ilmattino.it,568
www.informazione.it,511
ilmattino.it,506
www.agi.it,499
www.bresciaoggi.it,486
www.ansa.it,458
www.corriere.it,425
www.corrieredellosport.it,395
www.tgcom24.mediaset.it,386
www.italiaoggi.it,385
www.ilrestodelcarlino.it,383
www.tuttosport.com,371
www.ilgiorno.it,366
www.iltempo.it,354
leggo.it,345
www.lastampa.it,337
www.repubblica.it,325
www.liberoquotidiano.it,294
www.gazzetta.it,276
www.adnkronos.com,275
lasicilia.it,249
www.ilgiornale.it,248
www.rssnews.it,246
www.lettera43.it,242
www.aise.info,231
www.trend-online.com,229
www.ticinonews.ch,229
www.agensir.it,223
iltirreno.gelocal.it,203
www.panorama.it,190
www.giornalettismo.com,154
www.ilsecoloxix.it,148
www.ilsole24ore.com,139
www.ilmessaggero.it,134
www.rsi.ch,132
www.ilvelino.it,122
www.gdp.ch,120
